date,Average Water Speed,Average Water Direction,Chlorophyll,Temperature,Dissolved Oxygen,Dissolved Oxygen (%Saturation),pH,Salinity,Specific Conductance,Turbidity
2023-08-04,3.040208333333333,160.23037499999998,1.821875,19.94620833333333,7.438291666666666,100.59479166666665,8.1685,35.22379166666667,53.273916666666665,2.0069166666666667
2023-08-05,5.0326458333333335,175.70229166666664,1.7002127659574466,19.94046808510638,7.400319148936171,100.11274468085107,8.163808510638297,35.25497872340426,53.31612765957447,2.045063829787234
2023-08-06,4.388395833333333,191.72625000000002,1.7540625,19.893916666666666,7.415104166666667,99.98327083333334,8.166020833333333,34.87733333333333,52.80629166666666,1.9323333333333332
2023-08-07,5.0876875,173.82616666666664,1.8857291666666667,19.165583333333334,7.7020625,101.88429166666667,8.176604166666666,33.88845833333333,51.46720833333333,1.7208750000000002
2023-08-08,4.358645833333333,192.41164583333332,3.0564583333333335,19.177083333333332,7.704354166666666,102.33079166666666,8.172416666666667,34.551812500000004,52.36570833333334,1.8583958333333335
2023-08-09,3.92925,164.45554166666668,3.2116458333333333,19.096645833333334,7.643999999999999,101.53733333333334,8.1690625,34.794583333333335,52.694041666666664,1.98475
2023-08-10,4.233145833333333,161.91933333333333,3.1359583333333334,19.454854166666667,7.298229166666666,97.68270833333334,8.1635625,34.93460416666667,52.88339583333334,2.5498125
2023-08-11,4.554875,171.02245833333333,2.8773750000000002,19.611395833333333,7.277875000000001,97.74360416666667,8.16225,35.028875,53.01079166666667,2.0776458333333334
2023-08-12,4.384270833333333,182.26879166666666,2.6784583333333334,20.081875,7.0814375,95.97385416666667,8.1573125,35.1021875,53.11097916666666,1.7564166666666667
2023-08-13,4.891041666666667,175.93414583333333,2.532625,20.564791666666668,6.886187499999999,94.21064583333333,8.146666666666667,35.18289583333333,53.22329166666666,1.8280833333333335
2023-08-14,4.6136875,200.737875,3.3825833333333333,20.58941666666667,6.9435625,95.15948936170213,8.1360625,35.19991666666667,53.24570833333333,2.2768125
2023-08-15,4.059354166666666,169.9401875,2.8407291666666663,20.7415,7.0725319148936165,99.15035135135136,8.138958333333333,35.245625,53.30885416666666,2.0629574468085106
2023-08-16,3.8660625,158.59885416666665,3.1916458333333337,21.1323125,7.207531914893617,100.41970454545454,8.122229166666667,35.28633333333333,53.367375,2.282958333333333
2023-08-17,4.987645833333334,203.649125,3.3556170212765957,21.4505,7.018042553191489,99.03865853658537,8.109041666666668,35.342395833333335,53.44649999999999,2.985958333333333
2023-08-18,4.784916666666667,188.77320833333332,3.2300625000000003,21.106458333333332,6.9475625,96.40656818181819,8.124979166666668,35.303333333333335,53.3896875,2.1026041666666666
2023-08-19,5.8840208333333335,213.39641666666668,2.7733333333333334,19.705083333333334,7.252666666666666,98.29433333333333,8.14125,35.37379166666667,53.47541666666667,2.005479166666667
2023-08-20,4.215729166666667,174.1076875,2.595,18.97008333333333,7.409104166666666,99.00265217391305,8.154562499999999,35.468354166666664,53.60304166666666,1.8599166666666667
2023-08-21,5.4056041666666665,144.69447916666667,2.8498125,19.436416666666666,7.285617021276595,100.75405405405405,8.146083333333333,35.4729375,53.60925,2.231
2023-08-22,4.050604166666667,145.75135416666666,3.0288749999999998,19.932895833333333,7.297999999999999,100.57141463414634,8.1358125,35.47947916666667,53.61852083333333,2.437
2023-08-23,4.265187500000001,156.90872916666666,3.070085106382979,20.4271875,7.299954545454545,101.77245945945947,8.122666666666666,35.496604166666664,53.64389583333334,2.738446808510638
2023-08-24,4.8904375,146.90010416666667,2.8529375,20.568020833333332,7.451666666666667,102.12095833333335,8.107041666666666,35.52766666666667,53.68672916666667,2.4017916666666665
2023-08-25,4.330791666666666,162.49775,3.0355208333333334,20.582083333333333,7.287354166666667,101.2737441860465,8.105020833333333,35.55710416666667,53.72666666666667,2.58975
2023-08-26,4.065291666666667,176.708125,3.4407708333333336,20.416979166666668,7.272090909090909,101.68911111111112,8.107541666666666,35.56879166666666,53.740916666666664,2.6279166666666667
2023-08-27,3.9781041666666668,137.65616666666668,3.0197872340425533,20.6175,7.386604166666667,102.86383720930233,8.10575,35.58375,53.7634375,2.5570416666666667
2023-08-28,4.284166666666667,189.81416666666667,3.142583333333333,21.044333333333334,7.2715,101.54909756097561,8.101166666666666,35.5543125,53.72716666666667,2.4783958333333334
2023-08-29,3.954125,165.5464375,3.0807083333333334,21.3589375,7.18831914893617,102.136125,8.095166666666666,35.560854166666665,53.739270833333336,2.8207916666666666
2023-08-30,4.382854166666667,204.61841666666666,2.8000624999999997,21.271145833333332,7.120446808510638,101.49586842105263,8.101604166666666,35.50952083333333,53.66925,2.3863541666666666
2023-08-31,4.355916666666666,183.766875,2.361875,20.90375,7.241979166666667,101.152,8.11375,35.20672916666667,53.258041666666664,2.0435208333333335
2023-09-01,4.062125,156.22079166666666,2.2638125,21.384145833333335,7.133063829787234,101.21771794871795,8.099354166666666,35.360625,53.470875,2.356854166666667
2023-09-02,4.701979166666667,156.63577083333334,2.0432083333333333,21.37410416666667,7.219374999999999,100.31920833333334,8.081833333333334,35.418708333333335,53.548479166666674,2.3899166666666667
2023-09-03,4.266125,150.99925,2.5718125,21.709812499999998,7.072468085106383,100.76115,8.0695,35.456541666666666,53.60427083333334,2.4467291666666666
2023-09-04,5.11125,192.88295833333333,2.9456458333333333,21.5603125,6.831,96.61877777777778,8.059833333333334,35.33716666666667,53.44060416666667,2.2828541666666666
2023-09-05,5.46,176.67704255319148,2.743608695652174,21.38340425531915,6.892622222222222,98.73746666666666,8.059531914893617,34.82042222222223,50.50034042553192,2.030782608695652
2023-09-06,4.585979166666667,156.90972916666666,2.5568958333333334,21.731395833333334,6.804104166666666,100.53475862068964,8.055458333333332,35.11666666666667,53.147124999999996,1.6807291666666666
2023-09-07,4.857854166666667,155.02641666666668,3.1538333333333335,22.191374999999997,6.857020833333333,101.56663333333333,8.0591875,35.27397916666667,53.36629166666666,2.2432708333333333
2023-09-08,4.144229166666666,204.96360416666667,2.9894374999999997,22.59239583333333,6.856872340425532,100.60582352941177,8.051375,35.318374999999996,53.433625,2.1812291666666668
2023-09-09,4.742875000000001,164.9081666666667,2.917895833333333,22.4591875,6.903282608695652,100.00236111111111,8.040729166666667,35.38975,53.52647916666667,2.584125
2023-09-10,4.50534693877551,148.06648979591836,3.2536938775510205,21.883387755102042,7.097347826086957,102.02537837837838,8.055387755102041,35.49224489795918,53.654306122448986,2.996775510204082
2023-09-11,4.9009375,150.80035416666666,3.711104166666667,20.631416666666667,7.252270833333333,99.94154347826087,8.0693125,35.60085416666667,53.7858125,3.0180208333333334
2023-09-12,4.38575,145.3303125,2.9890416666666666,19.939416666666666,7.371770833333334,100.81706818181819,8.087520833333334,35.6471875,53.844166666666666,2.588625
2023-09-13,5.002916666666667,180.90960416666667,2.7292291666666664,20.610854166666666,7.396249999999999,101.29,8.087729166666668,35.67372916666667,53.88470833333333,2.6903958333333335
2023-09-14,6.110375,145.0966875,2.6669782608695654,21.162479166666667,7.427666666666667,103.72951111111112,8.077208333333333,35.724760869565216,51.7129375,2.7043125
2023-09-15,5.0017708333333335,172.85654166666666,2.529145833333333,21.129833333333334,7.343687500000001,102.06717021276596,8.089604166666666,35.72808333333334,53.96156250000001,2.6445416666666666
2023-09-16,3.8361666666666667,151.21868750000002,2.6651041666666666,21.68958333333333,7.248673913043478,102.27445238095238,8.08675,35.74839583333333,53.99714583333333,2.572208333333333
2023-09-17,4.9100624999999996,171.00066666666666,2.7533958333333337,22.0770625,7.3128125,102.59097560975609,8.083729166666666,35.73435416666667,53.983666666666664,2.3861666666666665
2023-09-18,4.17475,182.73860416666665,2.9928958333333333,22.52070833333333,7.2167708333333325,102.54405128205129,8.073541666666667,35.75777083333333,54.02275,2.5499375
2023-09-19,4.786020833333333,155.11306249999998,3.1430208333333334,22.570520833333333,7.224291666666667,103.39272727272727,8.064520833333333,35.798833333333334,54.078562500000004,2.714
2023-09-20,5.868166666666667,172.33277083333334,3.507586956521739,22.617565217391302,7.050288888888888,102.28339393939393,8.0595,35.82934782608696,54.12052173913043,2.7171777777777777
2023-09-21,5.006770833333333,193.02291666666667,3.055229166666667,22.877979166666666,7.031304347826087,103.746,8.05275,35.83620833333333,54.135041666666666,2.5121875
2023-09-22,6.1799583333333326,123.92452083333335,3.8922708333333333,22.051916666666667,7.005270833333333,98.74129166666667,8.048583333333333,35.85060416666666,54.138875000000006,3.66825
2023-09-23,4.657604166666666,174.94141666666667,3.5424375,20.446791666666666,7.313770833333333,100.091875,8.073354166666666,35.678958333333334,53.889020833333326,3.0178958333333337
2023-09-24,5.381333333333333,145.59027083333334,3.2362083333333334,19.981375,7.476395833333334,101.55016666666667,8.082833333333333,35.79716666666666,54.04566666666667,3.0874791666666668
2023-09-25,4.6552291666666665,168.17945833333334,3.54,20.178833333333333,7.377212765957447,100.67977083333334,8.08531914893617,35.84931914893617,52.99104166666667,2.3600625
2023-09-26,4.503729166666667,188.59518749999998,3.3283958333333334,20.766479166666667,7.323541666666666,103.06424324324324,8.079958333333334,35.928125,54.22718750000001,2.7068333333333334
2023-09-27,4.556333333333334,191.39325,2.7192291666666666,21.489979166666668,7.290833333333333,102.69541463414633,8.077708333333334,35.92502127659574,54.23370833333333,2.4909166666666667
2023-09-28,5.2681875,153.21275,2.106291666666667,22.10139583333333,7.1265,101.20827906976744,8.068875,35.39702173913043,52.99699999999999,2.4499782608695653
2023-09-29,6.7430625,163.74945833333334,2.4001063829787235,22.771145833333335,6.974425531914894,101.34524242424243,8.046687499999999,34.38221276595745,51.08954166666667,2.3217916666666665
2023-09-30,5.327541666666667,155.33070833333332,2.424541666666667,23.293291666666665,6.9815625,100.24289583333332,8.031083333333333,35.20214583333333,53.29195833333333,2.341833333333333
2023-10-01,4.6868541666666665,157.02689583333333,2.0005208333333333,23.150895833333333,6.758520833333333,97.57313953488374,8.021854166666666,35.396499999999996,53.549749999999996,2.3801875
2023-10-02,4.792104166666666,171.26860416666668,2.152791666666667,23.302000000000003,6.737854166666666,99.41858333333333,8.013854166666667,35.502625,53.696395833333334,2.4204166666666667
2023-10-03,5.762291666666666,156.17183333333332,2.2927500000000003,23.5311875,6.6795,99.04247222222222,8.006,35.60747916666667,53.84233333333333,2.4270833333333335
2023-10-04,5.9448125,171.247625,1.9488125,23.779291666666666,6.656270833333333,97.47940476190476,7.998645833333334,35.66835416666667,53.930125000000004,2.1411666666666664
2023-10-05,4.6379166666666665,177.75231250000002,1.9711702127659574,23.78514583333333,6.4938863636363635,98.4206923076923,7.996541666666666,35.697541666666666,53.96960416666667,1.8523333333333334
2023-10-06,5.180541666666667,159.15122916666667,1.9370208333333334,23.220708333333334,6.5838478260869575,97.65599999999999,7.998645833333334,35.75629166666666,54.03483333333333,2.4576041666666666
2023-10-07,4.028958333333333,162.80685416666668,1.8157708333333333,22.19995833333333,6.825458333333334,98.87914705882353,8.01525,35.83745833333333,54.123354166666665,2.5461458333333336
2023-10-08,5.281604166666667,153.64075,2.0699583333333336,21.291458333333335,7.148958333333333,99.14602083333334,8.034708333333333,35.323458333333335,53.4185625,2.2645416666666667
2023-10-09,5.0218541666666665,148.51333333333335,2.323729166666667,21.395020833333334,7.268249999999999,101.22552083333333,8.039229166666667,35.641354166666666,53.84979166666667,2.0124375
2023-10-10,3.881020833333333,174.4952291666667,2.5648541666666667,22.478854166666665,7.313187500000001,102.76988372093022,8.031583333333334,35.80616666666666,54.087520833333336,2.07175
2023-10-11,4.5558749999999995,163.90114583333335,2.6341041666666665,23.0166875,7.130333333333333,100.73750000000001,8.021708333333333,35.85376923076923,54.20083333333333,1.8419791666666667
2023-10-12,4.637041666666667,167.62072916666668,2.9404375,23.54189583333333,6.972291666666667,100.78540000000001,8.011645833333334,35.940973684210526,54.31729166666667,1.9731249999999998
2023-10-13,5.455125,171.35131249999998,2.967125,23.625291666666666,6.929749999999999,102.75534615384616,8.024791666666667,35.96414285714285,54.38777083333333,1.9120416666666669
2023-10-14,4.981416666666667,176.02314583333336,4.175891304347826,24.21847916666667,7.153954545454545,98.948,8.047604166666666,35.933571428571426,54.4721875,1.8673958333333334
2023-10-15,5.3186875,162.56679166666666,5.202652173913044,24.82314583333333,7.380657894736841,104.35322727272728,8.069770833333333,35.903,54.5545,2.2345833333333336
2023-10-16,5.796333333333333,171.1023541666667,4.067020833333333,24.848541666666666,7.076083333333333,102.76775757575757,8.056916666666666,35.909727272727274,54.568354166666666,2.1245
2023-10-17,5.36175,158.0674375,3.431104166666667,24.11175,6.840395833333333,100.49354347826088,8.056583333333334,35.91645454545454,54.5779375,3.266
2023-10-18,5.302270833333334,171.55910416666666,2.2565625,22.969083333333334,6.981958333333334,100.21602083333333,8.080125,35.92318181818182,54.563770833333336,3.412148936170213
2023-10-19,4.926041666666666,169.228375,2.451914893617021,22.692041666666668,6.882270833333333,98.98829545454545,8.081312500000001,35.92990909090909,54.55414583333334,4.527195652173913
2023-10-20,5.596958333333333,145.2724375,3.9182916666666667,23.151375,6.774770833333334,102.58019354838709,8.059520833333332,35.93663636363636,54.610729166666665,4.497979166666666
2023-10-21,5.197875,131.014125,3.739744680851064,24.0779375,6.9905277777777775,100.16718181818182,8.0496875,35.943363636363635,54.71091666666666,5.654555555555556
2023-10-22,5.469520833333333,157.67166666666665,3.7710434782608693,24.328416666666666,7.0485,102.45084210526316,8.054645833333334,35.9500909090909,54.76993181818182,4.747
2023-10-23,6.100375,168.78385416666666,0.7973750000000001,24.550729166666667,6.5233684210526315,100.0356923076923,8.007208333333333,35.95681818181818,54.765166666666666,3.762
2023-10-24,9.151729166666668,144.9449375,0.7559333333333333,25.095020833333333,6.3282,96.28066666666666,7.970645833333333,35.963545454545454,54.79202083333333,2.777
2023-10-25,10.222333333333333,155.34766666666667,1.1928260869565217,25.168020833333333,6.3568125,95.91485714285714,7.970291666666667,35.97027272727272,54.7326875,3.55975
2023-10-26,11.835791666666665,158.4221875,1.5138695652173915,25.228125000000002,6.53744,99.19268181818182,7.993979166666667,35.977,54.6316875,3.9256842105263154
2023-10-27,9.689354166666666,148.7616875,1.6412083333333334,24.20125,6.451393939393939,95.89263999999999,8.017104166666668,35.9555,54.5208125,4.65
2023-10-28,5.210145833333333,168.27975,1.3884375,22.630770833333333,6.721854166666667,100.05416666666666,8.056708333333333,35.74385,54.5944375,4.880714285714285
2023-10-29,5.1157916666666665,166.98529166666665,1.3383125,22.712374999999998,6.789717391304348,99.62454545454545,8.059229166666666,35.5322,54.56910416666667,6.3255
2023-10-30,12.048020833333332,170.60758333333334,1.598282608695652,23.1604375,6.648227272727272,97.6520294117647,8.044208333333334,35.32055,54.750145833333335,7.238
2023-10-31,22.616874999999997,163.26666666666668,1.8025833333333334,23.464250000000003,6.537476190476191,98.52023076923076,8.026583333333333,35.1089,54.89997619047619,3.9275
2023-11-01,12.714291666666666,184.45289583333332,2.2649791666666665,23.241812499999998,6.499342105263158,95.19260714285714,8.025729166666666,34.89725,54.900312500000005,5.8373333333333335
2023-11-02,6.4049375,159.75858333333335,1.7600625,22.617083333333337,6.514553191489362,96.32130769230768,8.025145833333333,34.6856,54.90945833333333,5.984500000000001
2023-11-03,22.1166875,197.37179166666667,1.9113333333333333,22.705708333333334,6.41864705882353,94.121,8.021291666666666,34.47395,54.8854375,5.5872
2023-11-04,25.639145833333334,210.34247916666666,1.9106458333333334,23.237854166666665,6.47046875,96.15063636363635,8.013145833333333,34.262299999999996,54.839333333333336,5.963266666666667
2023-11-05,31.96775,224.2253333333333,2.5017916666666666,23.652854166666668,6.526555555555555,97.61568,8.013291666666666,34.05065,54.797604166666666,5.6418
2023-11-06,18.2010625,185.77575000000002,2.724895833333333,22.760375,6.737114285714286,97.9185652173913,8.019729166666666,33.839,51.980333333333334,4.945666666666667
2023-11-07,18.198125,151.67795833333335,3.878181818181818,22.424625000000002,7.110297872340426,98.07376666666667,8.051104166666667,33.29991666666667,50.701125,5.6768
2023-11-08,30.672893617021277,220.064625,3.935541666666667,23.70177083333333,6.735648648648649,97.88600000000001,8.0345,34.71485416666667,52.645916666666665,4.619
2023-11-09,23.4336875,160.9354375,2.7580416666666667,24.697020833333337,6.915911764705882,100.46084,8.0333125,35.24183333333333,53.383229166666666,5.275714285714286
2023-11-10,21.111270833333332,159.52672916666668,2.4839166666666666,24.986145833333335,6.742900000000001,99.80282142857142,8.021479166666667,35.50425,53.74375,6.494400000000001
2023-11-11,19.753854166666667,165.18591666666666,2.2498125,25.294395833333336,6.734516129032259,100.1217,8.002479166666667,35.404583333333335,53.61947916666667,5.498
2023-11-12,16.485895833333334,181.06064583333333,2.3429375,25.7053125,6.854705882352941,101.19983333333333,8.002520833333334,35.486666666666665,53.743500000000004,7.3580000000000005
2023-11-13,13.543604166666666,165.19597916666666,1.7239375,25.601229166666666,6.655965517241379,101.4982,7.992382978723404,35.56220833333334,53.84116666666667,5.7787999999999995
2023-11-14,20.525125,182.95102083333333,1.7404374999999999,26.065479166666666,6.72,103.00905263157895,8.011145833333332,35.57304166666667,53.872125000000004,4.901941176470588
2023-11-15,17.398395833333336,185.01906250000002,1.7526458333333332,26.183520833333333,6.4203,98.09197142857143,8.006666666666666,35.62375,53.943958333333335,5.234500000000001
2023-11-16,19.072020833333333,183.26495833333334,1.7206875000000001,26.162854166666666,6.4738,98.99904347826087,7.982333333333333,35.704187499999996,54.0513125,6.596
2023-11-17,17.89708333333333,196.13435416666667,2.3703541666666665,26.314666666666668,6.530935483870968,99.23621428571428,8.00825,35.75785416666667,54.12889583333333,4.53775
2023-11-18,14.557063829787234,195.04722916666665,2.430520833333333,24.717916666666667,6.6831489361702126,102.09896875,8.044708333333334,35.90133333333333,54.26860416666667,3.9881428571428574
2023-11-19,22.444645833333336,167.54316666666668,2.4543958333333333,24.750979166666667,6.72775,101.33313333333334,8.0348125,35.912615384615385,54.3238125,4.0067619047619045
2023-11-20,27.547765957446806,236.69058333333336,3.059958333333333,24.5226875,6.402954545454546,97.01035714285715,8.004319148936169,35.907346153846156,54.40058333333334,4.025380952380952
2023-11-21,26.545319148936173,171.63189583333335,2.4393409090909093,24.383395833333335,6.715548387096773,100.95908,8.010479166666666,35.42714893617021,53.64089583333333,4.044
2023-11-22,23.947604166666668,163.78377083333334,3.3017659574468086,24.958354166666666,6.873,98.1846,8.023229166666667,35.35285416666667,53.53897916666667,4.5569999999999995
2023-11-23,23.128083333333333,186.79772916666664,2.9599583333333332,25.759249999999998,6.868595238095238,100.05925806451613,8.023854166666666,35.4820625,53.739645833333334,5.07
2023-11-24,12.131375,171.19443750000002,2.7613125000000003,25.71947916666667,6.646127659574468,99.82715384615385,8.0038125,35.66914583333333,53.988729166666666,6.964
2023-11-25,16.203979166666667,177.55877083333334,2.7237500000000003,25.396229166666668,6.502,98.8686923076923,7.986282608695651,35.76175,54.10233333333333,2.4595882352941176
2023-11-26,16.7726875,165.3753125,2.369145833333333,25.373145833333336,6.499160000000001,99.1385,7.9624375,35.846354166666664,54.21514583333334,2.803354166666667
2023-11-27,17.927875,174.78824999999998,1.5631304347826087,25.619583333333335,6.31164705882353,96.44999999999999,7.949139534883721,35.91978260869565,54.32941666666667,2.060583333333333
2023-11-28,16.0504375,161.6486875,1.3948444444444446,25.72745833333333,6.141299999999999,93.568,7.947186046511628,35.86380851063829,54.255791666666674,2.056375
2023-11-29,17.789166666666667,162.25275,1.0710416666666667,25.500333333333334,6.280733333333333,94.63092857142858,7.946933333333334,35.39902083333333,53.61852083333333,1.8777291666666667
2023-11-30,20.609791666666666,194.93464583333332,1.4165454545454546,26.525065217391305,6.4758571428571425,101.24774074074074,7.970272727272728,35.56908695652174,53.88315217391305,1.385
2023-12-01,24.297749999999997,184.8438125,1.1364166666666666,27.23447916666667,6.414666666666666,98.79988235294117,7.978106382978724,35.7433125,54.143708333333336,0.9737083333333333
2023-12-02,19.711708333333334,145.4454375,0.9726304347826087,27.183208333333337,6.258423076923076,96.18477777777778,7.9813125000000005,35.4591875,53.759729166666666,1.0580833333333335
2023-12-03,18.901,193.69422916666667,0.9274666666666666,27.13115625,6.864057142857143,102.93616666666667,8.0184375,35.09277083333333,53.28160416666666,0.981375
2023-12-04,18.456971962616823,142.60482242990653,1.6630952380952382,27.618599999999997,7.057752475247525,104.08673333333334,8.030132075471698,35.349320754716985,53.67272641509434,1.2954528301886794
2023-12-05,18.220770833333333,192.2041388888889,0.790731884057971,27.859583333333333,6.9105108695652175,99.74063636363636,7.999652777777778,35.46891666666667,53.840493055555555,1.2059305555555555
2023-12-06,19.3155,166.4097013888889,1.0051014492753623,27.867493333333332,6.332446153846154,100.22613698630137,7.952155555555555,35.578604166666665,53.99614583333333,1.1607152777777778
2023-12-07,15.770791666666668,173.73959722222222,1.0468518518518517,27.875403333333335,6.2274,98.75984745762712,7.9345671641791045,35.66954166666667,54.124736111111105,0.9826944444444445
2023-12-08,18.871805555555554,181.23152083333332,1.066556338028169,27.883313333333334,6.498139534883721,102.81294,7.939620689655172,35.79474305555556,54.304236111111116,1.0243888888888888
2023-12-09,16.23772222222222,199.3965902777778,1.6484859154929579,27.891223333333336,6.383795454545455,100.4054693877551,7.926521739130434,35.911833333333334,54.45325694444445,1.4405277777777779
2023-12-10,14.345979166666666,177.6490902777778,2.372659722222222,27.899133333333335,6.598357142857143,101.08569565217391,7.9610763888888885,35.96058208955224,54.5506875,2.2361319444444443
2023-12-11,16.854361111111114,190.83477083333332,2.547875,27.393132075471698,6.672404761904762,101.5720375,7.990125,35.94141567164179,54.62959027777778,2.184090277777778
2023-12-12,23.203166666666664,197.86514583333332,2.978739436619718,27.271545454545453,6.817384615384616,101.50935897435897,8.009520833333333,35.922249253731344,54.692458333333335,1.6429305555555556
2023-12-13,23.694888888888887,194.00093055555556,1.4330902777777779,27.387132075471698,6.625075,100.4473619047619,8.007548611111112,35.903082835820896,54.77063194444444,1.2666527777777778
2023-12-14,24.77847222222222,167.7259236111111,1.0216853146853146,27.472010204081634,6.369991071428571,99.27217543859649,7.982854166666666,35.88391641791045,54.848875,1.1373194444444445
2023-12-15,28.09673611111111,167.89920833333335,1.2531642857142857,27.54293965517241,6.707761194029851,102.91537288135592,7.976791666666666,35.86475,54.84681118881119,1.2995694444444446
2023-12-16,22.72610416666667,160.08071527777778,1.9252708333333333,27.490029411764706,6.470492753623188,97.97360273972603,7.984527777777777,35.75236607142857,54.27106944444444,1.2672430555555556
2023-12-17,21.638506944444444,182.05556944444444,1.752527777777778,27.771472222222222,6.309112903225807,97.81910958904109,7.965055555555556,35.836534722222225,54.29998611111111,1.1750694444444445
2023-12-18,22.82201388888889,193.9850625,1.6865034965034966,27.794188679245284,6.4502500000000005,101.40877777777779,7.958312500000001,35.81560416666667,54.29098611111111,1.3919214285714285
2023-12-19,21.145243055555554,180.5693611111111,1.4034084507042253,27.77504245283019,6.4179615384615385,100.20960000000001,7.938701388888889,35.612090277777774,54.03675694444444,1.3854583333333332
2023-12-20,22.442999999999998,187.05939583333333,0.9411438848920862,27.755896226415096,6.319444444444445,98.87565384615384,7.93113953488372,35.54430555555555,53.95099999999999,1.3194305555555554
2023-12-21,22.36051388888889,172.30027777777778,1.103936507936508,27.73675,6.33984375,97.8916046511628,7.942383458646616,34.99738194444444,53.18972222222222,1.2134444444444443
2023-12-22,21.264930555555555,159.4738125,2.1723191489361704,26.40745138888889,6.765888888888888,101.72792105263159,8.007104166666666,32.13686805555555,49.22229166666667,1.585951388888889
2023-12-23,23.833041666666666,162.5031111111111,2.6189375,26.070152173913044,6.759145161290323,100.75672641509433,7.9971805555555555,32.814881944444444,50.16883333333333,1.418
2023-12-24,26.431527777777777,179.79774305555554,2.1095804195804195,27.16122222222222,6.297845238095238,95.6063625,7.975173611111111,33.368013986013985,50.85961111111111,1.7057152777777778
2023-12-25,24.66654861111111,211.19348611111113,1.8797152777777777,27.31647142857143,6.470515625,99.55601639344263,7.969868055555556,33.43060416666666,51.02328472222222,1.4037430555555557
2023-12-26,24.749381944444444,196.16598611111112,2.240375,27.56289411764706,6.361197530864197,98.09963414634146,7.969154929577464,33.501618055555554,51.14125,1.5186319444444445
2023-12-27,25.333430555555555,191.54424305555554,2.869416666666667,27.64956896551724,6.465024096385542,99.67362962962963,7.971902777777777,33.561930555555556,51.21857638888889,1.5083916083916082
2023-12-28,22.83288888888889,184.55069444444445,2.2272986111111113,27.549287671232875,6.292802631578947,97.32764556962026,7.972769230769231,33.87806944444444,51.65683333333333,1.4200416666666666
2023-12-29,21.09076388888889,178.556875,2.1103125,27.584557898116437,6.305461538461539,97.6311,7.972737588652482,33.99111805555556,51.844375,1.5246388888888889
2023-12-30,24.855584507042252,172.31755555555554,1.5267272727272727,27.619828125,6.037,93.93375,7.945580152671757,33.73929861111111,51.477270833333336,1.5101180555555556
2023-12-31,25.3514375,188.67428472222224,1.1666478873239436,27.146263157894737,6.0158000000000005,92.78476470588235,7.923166666666666,33.18629861111111,50.711625,1.7375416666666665
2024-01-01,24.178402777777777,169.89195833333332,4.07486923076923,27.40278947368421,6.392639534883721,96.56475609756097,7.94421582733813,32.41396527777778,49.64297916666666,2.273416666666667
2024-01-02,25.706243055555557,234.9712152777778,3.299388489208633,23.99535416666667,7.595098360655737,97.91099999999999,7.946870588235295,31.076724137931034,42.50695238095238,5.033158536585366
2024-01-03,24.181965034965035,176.9146736111111,3.7471679389312977,25.154395833333336,7.643748251748252,102.19926229508197,7.955955882352941,29.625174568965516,41.50680227743271,6.163134920634921
2024-01-04,24.858006944444444,206.51581944444445,4.995420454545454,26.690421052631578,7.140175438596492,99.25030303030303,7.996121212121213,28.173625,40.50665217391305,4.773125
2024-01-05,22.682625,191.48915277777778,7.404741935483871,26.963014492753626,7.560396551724137,104.23704,8.129622047244094,29.5550625,40.06734523809524,4.164416666666667
2024-01-06,19.049041666666668,176.03647222222222,7.912865384615385,26.430601449275365,7.397128787878788,102.41867,8.164131944444444,29.79376275510204,39.2168448275862,4.054444444444445
2024-01-07,20.6564375,186.84111805555554,8.572092307692309,25.800361111111112,7.2927341772151895,100.9224,8.171680555555556,30.03246301020408,39.75,3.894409722222222
2024-01-08,20.893041666666665,195.8169236111111,7.33118018018018,26.70005319148936,7.028611111111112,101.36961904761905,8.025576923076924,30.27116326530612,44.71517391304348,3.675725352112676
2024-01-09,22.520868055555557,184.46183333333335,5.618468531468531,27.866196078431372,6.743556603773585,101.95728409090908,7.9772462686567165,30.95923611111111,47.679659722222226,3.484909722222222
2024-01-10,22.652659722222225,193.90588888888888,4.198069444444445,27.624655172413792,6.626067307692308,101.25791666666667,7.960548611111111,31.135944444444444,47.932548611111116,3.54575
2024-01-11,21.02229861111111,164.20877083333332,3.7177605633802817,27.744566666666667,6.769917431192661,101.5656,7.952226950354609,30.584729166666666,47.185763888888886,3.5745594405594403
2024-01-12,21.109395833333334,215.37966666666665,3.9538749999999996,27.5168,6.683795774647888,101.4424409448819,7.963895833333333,30.086916666666664,46.45688888888889,3.5285314685314684
2024-01-13,21.316784722222224,215.32995138888887,4.680395833333333,26.897756944444446,7.0851041666666665,101.51217346938775,7.971020833333333,29.049515151515152,41.368153846153845,4.60448951048951
2024-01-14,19.501520833333334,195.90155555555555,5.627447552447553,26.429976744186046,7.28351798561151,102.78008695652174,7.975183823529412,27.085250000000002,40.71708771929824,4.631305555555556
2024-01-15,25.13636111111111,182.61408333333333,4.348195804195805,27.334971014492755,6.521678260869566,96.50857142857143,7.934630769230769,28.8075,42.49442361111111,3.9565071428571423
2024-01-16,21.26296527777778,168.88372222222222,4.414237762237762,26.691763157894737,6.902919117647059,100.8765229357798,7.9226478873239445,29.519759433962264,38.841617647058825,5.073425373134329
2024-01-17,23.485104895104893,177.76367361111113,4.809263888888889,27.71305,6.598184210526315,101.43926530612245,7.917274999999999,30.23201886792453,43.37968367346939,4.389544776119402
2024-01-18,19.63348611111111,184.24879166666668,3.846430555555555,27.94672,6.260846153846154,95.90588461538461,7.932361904761905,30.64581944444444,47.25217361111111,3.5723529411764705
2024-01-19,17.17935416666667,167.890875,3.826506944444444,27.894333333333332,6.297552631578947,97.89237837837838,7.930192,30.84885211267606,47.46970833333333,3.4200921985815604
2024-01-20,18.022055555555553,186.16398611111111,4.8286388888888885,27.815131355932202,6.639657142857143,102.08574603174603,7.935760869565217,30.105426573426573,46.5221875,3.901187050359712
2024-01-21,24.677666666666667,192.6311597222222,4.291,27.735929378531075,6.447363636363637,100.20041333333333,7.9309145299145305,30.755687500000004,47.48305555555556,3.9899242424242423
2024-01-22,16.495381944444446,179.1155347222222,3.941173611111111,27.656727401129945,6.405617647058824,99.84267073170732,7.959625,32.05619444444444,49.25926388888889,3.9851985294117647
2024-01-23,17.437604166666667,188.22287500000002,5.367195804195804,27.577525423728815,6.228120481927711,94.6375465116279,7.982965277777778,31.675055555555552,48.66495138888889,3.9266737588652485
2024-01-24,18.626145833333332,204.54624305555555,5.06727972027972,26.748194444444444,6.689619402985074,103.25527906976744,7.977652777777777,30.442208333333333,46.914659722222225,4.0776
2024-01-25,15.90959027777778,163.67256250000003,3.4067916666666664,26.934015384615385,6.498414814814814,99.5110956521739,7.947435714285715,30.373666666666665,46.86578472222222,4.019595588235294
2024-01-26,12.57379861111111,179.6551736111111,1.9760069930069932,27.90488888888889,6.193782608695652,95.44564,7.9416106870229015,31.704361111111112,48.719027777777775,3.122284722222222
2024-01-27,7.563597222222222,184.95175694444444,1.6785874125874127,27.934925925925928,6.215017857142857,96.40496202531646,7.953388059701492,32.38277083333333,49.674569444444444,3.5429444444444447
2024-01-28,5.822722222222222,182.50203472222222,2.411395833333333,27.964962962962964,6.4546190476190475,99.35879069767442,7.945769784172662,31.51765972222222,48.486875,3.538057553956835
2024-01-29,6.404,135.13424305555554,2.3829440559440562,27.995,6.503875,101.62576530612246,7.951049295774648,29.85546527777778,46.203381944444445,3.5676071428571428
2024-01-30,6.799972222222222,163.03660416666668,3.103173611111111,27.55192682926829,6.9798981481481475,97.3748679245283,7.941920634920635,29.264019230769232,43.12415625,3.329761904761905
2024-01-31,7.105798611111111,190.87103472222222,5.095587412587412,26.79409722222222,7.176472222222222,96.68399285714285,7.956153846153847,29.764231998595015,43.91854464285714,6.616583333333334
2024-02-01,6.882923611111111,201.07908333333333,5.121229166666667,26.677868055555553,7.078798611111111,99.47949532710281,7.963640000000001,30.264444766420795,44.71293303571428,4.756797202797203
2024-02-02,4.467124999999999,171.94436805555557,5.89804,27.51331746031746,6.1380560747663555,88.484875,7.967729411764705,30.764657534246577,45.50732142857142,3.578888888888889
2024-02-03,5.400013888888889,150.84019444444445,6.357368055555556,29.010923611111114,6.667895833333334,102.32240972222222,8.017397163120567,29.636633802816903,45.83444444444444,3.4771773049645387
2024-02-04,5.094069444444444,167.08994444444446,3.8506944444444446,30.00739583333333,6.242659722222222,97.45293055555555,7.975892086330934,30.062111111111115,46.51838194444444,3.3955664335664335
2024-02-05,6.654902777777778,154.99733333333333,2.7644027777777778,30.291708333333336,5.9763125,94.30050694444444,7.948704545454546,30.913569444444445,47.7076875,3.4066388888888888
2024-02-06,5.614319444444444,156.37546527777778,2.5280416666666667,30.751250000000002,5.748743055555555,91.79481118881118,7.914805555555556,31.29627083333333,48.25467361111111,3.4338125
2024-02-07,5.752,147.07379166666666,3.2200763888888893,29.95613888888889,6.258597222222223,97.25421527777777,7.963465277777778,29.574090277777778,45.83771527777778,3.349611111111111
2024-02-08,5.296888888888889,146.08356944444444,3.9757291666666665,28.46586111111111,6.7709930555555555,101.85026388888889,7.988222222222223,27.850986111111112,43.38118055555556,3.424020833333333
2024-02-09,5.670395833333334,154.04356944444444,3.7673819444444447,27.83690972222222,6.946576388888889,103.3856875,7.977729166666667,27.831805555555558,43.33329861111111,3.5413146853146853
2024-02-10,6.052631944444444,196.1676388888889,3.6479513888888886,27.520625,6.759201388888889,100.40284722222222,7.951854166666667,28.470180555555558,44.21270138888889,3.5404999999999998
2024-02-11,7.609666666666666,163.55776388888887,2.917527777777778,27.137375000000002,6.636895833333333,97.6775486111111,7.947694444444445,27.900180555555558,43.39795138888889,3.659451388888889
2024-02-12,7.49025,117.44327777777777,2.4036041666666668,27.13748611111111,6.611048611111111,98.2021388888889,7.952541666666666,29.605069444444446,45.77327777777778,3.359423611111111
2024-02-13,9.205541666666667,139.42021527777777,3.1203194444444446,26.754944444444444,6.460583333333333,95.16940277777778,7.94575,29.341618055555557,45.39452083333333,4.591900709219858
2024-02-14,11.092701388888889,184.86431944444445,2.731479166666667,27.203548611111113,6.188777777777777,92.09538888888889,7.936249999999999,29.69715277777778,45.90275694444445,3.9606527777777782
2024-02-15,11.429875000000001,160.0809097222222,2.4403402777777776,27.905604166666667,6.433402777777777,96.84121527777778,7.9476805555555545,29.78529166666667,46.05001388888889,3.914718309859155
2024-02-16,9.587354166666666,160.9843263888889,3.1506527777777777,25.850659722222222,6.704965277777777,93.31083333333333,7.902347222222223,22.76008333333333,35.81695138888889,7.087631944444444
2024-02-17,8.926902777777777,164.352625,4.5724027777777785,26.266618055555554,7.194902777777778,98.4649375,7.922444444444445,17.711506944444444,28.679930555555554,7.59975
2024-02-18,8.218083333333333,135.14025694444445,6.613659722222222,27.439229166666664,7.819138888888888,109.99245833333333,8.051631944444445,18.64747222222222,30.165409722222225,6.2839857142857145
2024-02-19,17.974125,191.14236111111111,5.94275,28.20059722222222,7.177888888888889,104.42827777777778,8.063256944444444,22.656152777777777,35.995,4.954736111111111
2024-02-20,16.393083333333333,165.85611805555556,4.713868055555555,28.678597222222223,7.0994166666666665,105.16275694444444,8.097618055555555,24.27951388888889,38.35284027777778,4.156180555555555
2024-02-21,16.63365277777778,188.99315972222223,3.4733680555555555,28.994999999999997,6.495916666666667,98.6153125,8.049166666666666,27.700277777777778,43.19165972222223,3.4212777777777776
2024-02-22,16.47757638888889,183.2926388888889,2.7014930555555554,29.29922222222222,6.127673611111111,94.360125,8.032777777777778,29.628090277777776,45.88557638888889,3.403097222222222
2024-02-23,14.870638888888887,191.50830555555555,2.8911041666666666,29.01478472222222,5.769298611111111,89.35659027777778,8.042902777777778,31.54456944444444,48.51716666666667,3.9534583333333333
2024-02-24,15.506215277777777,172.83172916666666,2.8899097222222223,29.087375,5.908027777777778,91.70202777777779,8.068791666666666,31.76377777777778,48.82060416666667,4.199457746478873
2024-02-25,16.72870138888889,140.166875,4.1278531468531465,27.98551388888889,6.533708333333333,97.53074305555555,8.1095,28.093631944444446,43.7003125,4.80313768115942
2024-02-26,18.070243055555554,164.77070833333335,3.345826388888889,28.837541666666667,6.6711527777777775,101.47386805555556,8.106006944444445,28.5860625,44.42053472222222,5.097573426573426
2024-02-27,16.505,132.1896388888889,2.4029930555555556,29.465284722222222,6.3821875,98.9225625,8.10226388888889,30.384506944444443,46.94086111111111,4.365145833333333
2024-02-28,18.81554861111111,163.03511805555556,1.8370277777777777,28.608999999999998,6.572027777777778,100.36664583333334,8.117402777777777,30.18241666666667,46.627430555555556,5.202832167832168
2024-02-29,19.319027777777777,180.5201111111111,1.8049444444444442,28.788243055555554,6.421805555555555,98.34109027777778,8.096368055555555,30.15159722222222,46.59222222222222,5.367204225352113
2024-03-01,17.685465277777777,175.98760416666667,1.779111111111111,29.029993055555558,6.034319444444445,93.29046527777777,8.0860625,31.175590277777776,48.01254861111111,4.254485507246377
2024-03-02,18.975527777777778,167.07792361111112,1.7571180555555557,28.951229166666664,5.806659722222222,89.96449305555556,8.086027777777778,31.84865277777778,48.93232638888889,4.590846153846154
2024-03-03,18.22211111111111,183.21049305555556,1.4030972222222222,28.919375000000002,5.953569444444444,92.38377777777777,8.086888888888888,32.16835416666667,49.36853472222222,4.217748251748252
2024-03-04,16.922479166666665,175.82235416666668,1.165923611111111,29.004729166666664,6.1629375,95.62002083333333,8.102340277777778,31.912944444444445,49.022423611111115,4.732283687943262
2024-03-05,14.418715277777778,160.02574305555555,1.688576388888889,27.456444444444443,6.505944444444444,97.90340277777779,8.124027777777776,31.06030555555556,47.790618055555555,4.580460992907802
2024-03-06,16.39715972222222,180.43704861111112,1.7815069444444442,26.675972222222224,6.832298611111111,101.61678472222223,8.138361111111111,31.155361111111112,47.893458333333335,2.6723941605839414
2024-03-07,17.593486111111112,179.39752083333332,1.620826388888889,26.82309027777778,6.7004375000000005,99.71925694444445,8.13111111111111,30.88948611111111,47.53313194444444,2.8758958333333333
2024-03-08,10.93625,194.70673611111113,1.4770833333333333,26.33542361111111,6.702680555555556,98.98287499999999,8.13511111111111,31.01520138888889,47.68853472222222,2.7596458333333334
2024-03-09,10.350368055555556,203.89855555555556,1.9809583333333332,25.3908125,6.869652777777778,99.79172916666667,8.144152777777778,30.94592361111111,47.562125,2.7096666666666667
2024-03-10,13.498548611111111,171.49756944444445,2.6399861111111114,24.832104166666667,6.954805555555556,100.11100694444445,8.144576388888888,31.00636111111111,47.628125,3.058097222222222
2024-03-11,13.090875,191.06094444444446,3.0167361111111113,24.858583333333332,7.006187499999999,100.62040972222222,8.129402777777777,30.53322222222222,46.97765972222223,2.7980208333333336
2024-03-12,13.431715277777776,177.434125,2.689701388888889,24.932006944444442,6.9927013888888885,100.23515972222222,8.112583333333333,29.97109027777778,46.20554861111111,2.93375
2024-03-13,12.648319444444445,180.459,2.0610555555555554,25.377944444444445,6.8939305555555555,99.6466875,8.095472222222222,30.08390277777778,46.37533333333333,2.8389791666666664
2024-03-14,15.981631944444445,188.35268055555557,1.9824027777777777,25.898861111111113,6.788854166666667,99.04078472222221,8.06775,30.125395833333332,46.44925694444444,2.6307430555555555
2024-03-15,17.69782638888889,169.73176388888888,1.5978611111111112,26.36338888888889,6.755694444444445,99.52133333333333,8.073659722222223,30.445111111111107,46.906,2.3387499999999997
2024-03-16,13.0785,186.8069513888889,1.1595555555555555,25.776055555555555,6.666833333333333,97.03986111111111,8.08354861111111,30.109333333333332,46.42272222222223,2.5360694444444447
2024-03-17,21.04009027777778,162.45489583333335,1.9279930555555558,25.117881944444445,6.8211458333333335,97.53414583333333,8.086347222222223,28.902680555555555,44.73119444444445,2.863888888888889
2024-03-18,19.468756944444447,182.44734722222222,1.3100625,26.299319444444443,6.456597222222222,94.78259722222222,8.07922222222222,30.022583333333337,46.31905555555556,2.246611111111111
2024-03-19,20.97145833333333,165.9302013888889,0.9042152777777778,26.329409722222223,6.504305555555556,95.49790277777778,8.08175,29.963270833333336,46.23965277777778,1.8812083333333334
2024-03-20,20.894159722222224,168.70802083333334,0.6806470588235294,27.126909722222223,6.526868055555556,97.25296527777778,8.072923611111111,30.165125000000003,46.54709722222222,1.8420069444444447
2024-03-21,19.290590277777778,194.70759027777777,1.322451388888889,26.04958333333333,6.5767500000000005,94.96989583333334,8.088583333333334,28.15242361111111,43.69702777777778,3.422111111111111
2024-03-22,25.478545454545454,156.58539583333334,2.3378194444444444,23.91911111111111,7.205694444444443,99.66613194444444,8.115409722222221,26.823118055555554,41.792833333333334,4.003055555555556
2024-03-23,32.47719444444445,141.7978263888889,3.387236111111111,23.866055555555555,7.207083333333333,100.34722916666666,8.106854166666666,28.10807638888889,43.59353472222222,3.4856736111111113
2024-03-24,29.29373611111111,133.96202083333333,3.592430555555556,23.668180555555555,7.039326388888889,98.05924999999999,8.102645833333334,28.866152777777774,44.642944444444446,3.073486111111111
2024-03-25,24.607347222222224,158.68147222222223,2.2337361111111114,22.998854166666668,6.818083333333333,93.58443749999999,8.088048611111113,28.346375000000002,43.90367361111111,3.184736111111111
2024-03-26,30.984880281690142,145.22616666666667,2.310472222222222,23.74432638888889,6.552986111111111,90.26849305555555,8.060333333333334,26.779215277777777,41.71185416666666,3.5697083333333333
2024-03-27,27.263405594405594,168.27227083333332,2.441472222222222,24.67470833333333,6.454847222222223,91.2358263888889,8.083430555555555,28.40032638888889,44.00765277777778,3.9210625
2024-03-28,19.665784722222224,213.817375,4.576125,25.05361111111111,7.323604166666666,101.70322222222222,8.044041666666667,23.983819444444446,37.80466666666667,4.688430555555556
2024-03-29,21.872354166666668,191.9529861111111,6.660166666666666,25.230854166666667,7.293902777777777,101.48711111111112,8.047743055555555,23.750375000000002,37.48898611111111,3.92058041958042
2024-03-30,19.837979020979024,177.35200694444444,6.614604166666667,25.455111111111112,7.294930555555556,101.876875,8.080659722222222,23.66434027777778,37.37672222222222,3.4200694444444446
2024-03-31,20.02607638888889,173.7291111111111,6.075319444444444,25.41732638888889,7.258152777777777,102.46979166666667,8.140083333333333,25.671499999999998,40.22213888888889,3.1104722222222225
2024-04-01,20.466708333333333,175.14791666666667,4.70025874125874,25.187631944444444,7.1875277777777775,100.42653472222223,8.149361111111112,24.698902777777775,38.83606944444445,3.2345347222222225
2024-04-02,22.34375,185.20764583333334,4.233875,26.138527777777778,5.9535486111111116,86.48814583333333,8.087770833333332,28.790520833333332,44.59859027777778,3.0703125
2024-04-03,18.22848611111111,190.85909027777777,3.1119097222222223,26.414277777777777,5.8516458333333325,87.37751408450704,8.127222222222223,31.513944444444444,48.371833333333335,2.9493263888888888
2024-04-04,22.07528472222222,163.9400277777778,2.6507708333333335,27.06313888888889,6.1371319444444445,92.33259722222222,8.138187499999999,32.06086805555556,49.147,3.21625
2024-04-05,16.34854861111111,190.70552777777777,3.9003958333333335,26.176812499999997,6.381236111111111,93.3508611111111,8.148201388888888,29.83734027777778,46.053534722222224,3.727444444444444
2024-04-06,23.701027777777778,178.99660416666666,4.2417638888888884,26.288972222222224,6.367708333333334,93.53193055555556,8.135451388888889,30.157784722222218,46.50343055555555,4.131104166666667
2024-04-07,20.669444444444444,169.71850694444444,4.024194444444444,26.961256944444443,6.116499999999999,91.64581249999999,8.153222222222222,31.77257638888889,48.744416666666666,5.598629370629371
2024-04-08,19.077520833333335,149.99144444444445,3.7104513888888886,26.824006944444445,6.187881944444444,92.43040972222222,8.163555555555554,31.572458333333334,48.467840277777775,10.169083916083917
2024-04-09,16.521804195804194,177.576125,4.741587412587413,26.256229166666667,6.353854166666667,93.51079861111111,8.161659722222222,30.805569444444448,47.32738194444445,16.585043478260868
2024-04-10,27.119423611111113,188.9441111111111,5.439534722222223,24.128625,6.775854166666666,96.5023125,8.188541666666667,31.254541666666668,47.94902777777778,11.29093661971831
2024-04-11,27.625016949152542,214.2818813559322,4.717728813559322,23.097796610169492,6.485830508474576,90.70293220338984,8.173525423728814,31.250525423728813,47.9184406779661,13.158881355932204
2024-04-12,23.21775372367745,208.83829969183358,4.698925269645609,23.83745531587057,6.581038520801233,93.29400025680535,8.167865434001026,31.29600179763739,48.00055136106831,10.055223934257834
2024-04-13,18.810490498202363,203.394718027735,4.680121725731896,24.577114021571653,6.676246533127889,95.88506831022084,8.16220544427324,31.34147817154597,48.08266204417052,6.951566512583462
2024-04-14,14.403227272727271,197.95113636363638,4.661318181818182,25.31677272727273,6.771454545454546,98.47613636363636,8.156545454545453,31.386954545454547,48.16477272727273,3.847909090909091
2024-04-15,18.818527777777778,170.3552777777778,3.5190625,25.260618055555554,6.739340277777778,97.89495138888888,8.140604166666668,31.279736111111113,48.016930555555554,6.136132867132867
2024-04-16,22.001784722222222,157.27404166666668,3.9976388888888885,25.665430555555556,6.707777777777777,98.26055555555556,8.12932638888889,31.5481875,48.39729861111111,7.577923611111111
2024-04-17,16.78498360655738,190.5758032786885,3.7677540983606557,25.372459016393442,6.313459016393442,92.1357868852459,8.115032786885246,31.81977049180328,48.7593606557377,2.9446229508196717
2024-04-18,16.689289416163362,188.4610782571182,3.6778008915731952,25.238919154443487,6.336064768478573,92.17995539257981,8.116114150129421,31.720311475409837,48.619245125107845,3.291624992809893
2024-04-19,16.593595225769345,186.34635323554787,3.587847684785735,25.105379292493527,6.358670520563704,92.22412389991372,8.117195513373598,31.620852459016394,48.479129594477996,3.638627034800115
2024-04-20,16.497901035375325,184.23162821397756,3.4978944779982744,24.97183943054357,6.381276272648835,92.26829240724763,8.118276876617774,31.52139344262295,48.33901406384814,3.985629076790336
2024-04-21,16.402206844981308,182.11690319240725,3.407941271210814,24.838299568593616,6.403882024733965,92.31246091458154,8.11935823986195,31.42193442622951,48.19889853321829,4.332631118780558
2024-04-22,16.30651265458729,180.0021781708369,3.3179880644233535,24.704759706643657,6.426487776819097,92.35662942191544,8.120439603106126,31.322475409836066,48.058783002588434,4.679633160770779
2024-04-23,16.210818464193274,177.8874531492666,3.228034857635893,24.5712198446937,6.4490935289042275,92.40079792924935,8.121520966350301,31.223016393442624,47.918667471958585,5.026635202761001
2024-04-24,16.115124273799253,175.77272812769627,3.1380816508484326,24.437679982743745,6.471699280989358,92.44496643658326,8.122602329594478,31.12355737704918,47.77855194132873,5.373637244751222
2024-04-25,16.019430083405236,173.65800310612596,3.048128444060972,24.304140120793786,6.49430503307449,92.48913494391718,8.123683692838654,31.02409836065574,47.63843641069887,5.720639286741443
2024-04-26,15.92373589301122,171.54327808455565,2.9581752372735117,24.17060025884383,6.51691078515962,92.53330345125109,8.12476505608283,30.924639344262296,47.49832088006902,6.067641328731665
2024-04-27,15.8280417026172,169.42855306298532,2.8682220304860513,24.037060396893875,6.539516537244751,92.577471958585,8.125846419327006,30.825180327868853,47.35820534943917,6.414643370721887
2024-04-28,15.732347512223184,167.313828041415,2.778268823698591,23.903520534943915,6.562122289329882,92.6216404659189,8.126927782571181,30.72572131147541,47.21808981880932,6.761645412712108
2024-04-29,15.636653321829165,165.1991030198447,2.6883156169111304,23.76998067299396,6.584728041415013,92.66580897325281,8.128009145815358,30.62626229508197,47.07797428817946,7.1086474547023295
2024-04-30,15.540959131435148,163.08437799827436,2.59836241012367,23.636440811044004,6.6073337935001435,92.70997748058672,8.129090509059534,30.526803278688526,46.93785875754961,7.455649496692551
2024-05-01,15.44526494104113,160.96965297670405,2.5084092033362095,23.502900949094045,6.629939545585275,92.75414598792062,8.13017187230371,30.427344262295083,46.797743226919756,7.802651538682772
2024-05-02,15.349570750647112,158.85492795513372,2.418455996548749,23.36936108714409,6.652545297670406,92.79831449525453,8.131253235547886,30.32788524590164,46.65762769628991,8.149653580672995
2024-05-03,15.253876560253094,156.7402029335634,2.3285027897612887,23.235821225194133,6.675151049755536,92.84248300258844,8.132334598792061,30.228426229508198,46.51751216566005,8.496655622663216
2024-05-04,15.158182369859077,154.6254779119931,2.2385495829738282,23.102281363244174,6.697756801840668,92.88665150992234,8.133415962036239,30.128967213114755,46.377396635030195,8.843657664653437
2024-05-05,15.062488179465058,152.51075289042276,2.148596376186368,22.968741501294218,6.720362553925798,92.93082001725625,8.134497325280414,30.029508196721313,46.237281104400346,9.19065970664366
2024-05-06,14.966793989071041,150.39602786885246,2.0586431693989073,22.835201639344263,6.742968306010929,92.97498852459016,8.13557868852459,29.93004918032787,46.09716557377049,9.53766174863388
2024-05-07,14.871099798677022,148.28130284728215,1.9686899626114467,22.701661777394303,6.76557405809606,93.01915703192407,8.136660051768766,29.830590163934428,45.95705004314064,9.884663790624101
2024-05-08,14.775405608283005,146.1665778257118,1.8787367558239862,22.568121915444348,6.788179810181191,93.06332553925797,8.137741415012941,29.731131147540985,45.816934512510784,10.231665832614324
2024-05-09,14.679711417888987,144.0518528041415,1.7887835490365258,22.434582053494392,6.810785562266322,93.10749404659188,8.138822778257119,29.631672131147543,45.676818981880935,10.578667874604545
2024-05-10,14.58401722749497,141.93712778257117,1.6988303422490654,22.301042191544433,6.833391314351453,93.1516625539258,8.139904141501294,29.5322131147541,45.53670345125108,10.925669916594765
2024-05-11,14.488323037100951,139.82240276100086,1.608877135461605,22.167502329594477,6.855997066436584,93.19583106125971,8.140985504745471,29.432754098360657,45.39658792062122,11.272671958584988
2024-05-12,14.392628846706934,137.70767773943055,1.5189239286741445,22.03396246764452,6.878602818521714,93.23999956859362,8.142066867989646,29.333295081967215,45.25647238999137,11.619674000575209
2024-05-13,14.296934656312915,135.59295271786021,1.428970721886684,21.900422605694562,6.901208570606846,93.28416807592752,8.143148231233821,29.233836065573772,45.11635685936152,11.96667604256543
2024-05-14,14.201240465918898,133.4782276962899,1.3390175150992236,21.766882743744606,6.923814322691976,93.32833658326143,8.144229594477999,29.13437704918033,44.97624132873167,12.313678084555653
2024-05-15,14.10554627552488,131.3635026747196,1.2490643083117632,21.63334288179465,6.946420074777107,93.37250509059534,8.145310957722174,29.034918032786887,44.83612579810181,12.660680126545873
2024-05-16,14.009852085130863,129.24877765314926,1.1591111015243027,21.49980301984469,6.9690258268622385,93.41667359792925,8.146392320966351,28.935459016393445,44.69601026747196,13.007682168536094
2024-05-17,13.914157894736844,127.13405263157895,1.069157894736842,21.366263157894736,6.991631578947369,93.46084210526315,8.147473684210526,28.836000000000002,44.555894736842106,13.354684210526315
2024-05-18,17.701618055555556,199.70199305555556,0.6547202797202797,21.4705,6.735368055555556,90.29499305555555,8.130243055555557,28.964305555555555,44.73559027777778,17.337640845070425
2024-05-19,18.767166666666665,183.02847916666667,1.1263194444444444,20.706743055555556,7.0395972222222225,93.19885416666666,8.172368055555555,29.227416666666663,45.08978472222222,11.947537313432836
2024-05-20,29.23998611111111,188.19986805555556,1.1407410071942445,20.21174100719424,7.055330935251799,92.54684892086331,8.176043165467625,29.156244604316544,44.9865035971223,20.404007462686568
2024-05-21,31.072174825174823,188.56167361111113,1.621138888888889,19.987826388888887,7.0782847222222225,92.43325694444444,8.172402777777778,29.115708333333334,44.92825,13.641683098591548
2024-05-22,26.999062499999997,199.25947222222223,1.6425277777777778,19.9001875,7.175250000000001,93.3962986111111,8.162215277777777,28.86649305555555,44.582277777777776,12.803267605633803
2024-05-23,31.760569444444442,184.08450000000002,1.6595,20.019208333333335,7.019798611111111,91.63761805555555,8.14904861111111,28.95210416666667,44.70176388888889,16.59962937062937
2024-05-24,31.38237062937063,181.068125,2.382354166666667,20.097541666666665,7.069034722222223,92.38465972222222,8.146819444444445,28.896312500000004,44.62499305555556,7.018159722222222
2024-05-25,23.284180555555555,182.82727083333333,2.859090277777778,20.483708333333333,7.192298611111111,94.42697222222222,8.131680555555555,28.473555555555556,44.041583333333335,10.318202797202797
2024-05-26,21.702333333333332,170.6173263888889,3.204201388888889,20.70138888888889,7.104305555555555,93.69754861111112,8.123256944444444,28.53345138888889,44.127583333333334,7.515472222222223
2024-05-27,22.267770833333334,176.04009722222224,2.815888888888889,20.984472222222223,7.302055555555556,96.86709027777778,8.147361111111111,28.679375,44.33351388888889,7.437552447552447
2024-05-28,17.356840277777778,184.0990486111111,2.7226875,20.979958333333332,7.062458333333334,93.77255555555556,8.151465277777778,28.859111111111115,44.582597222222226,5.3391874999999995
2024-05-29,22.04029166666667,189.32247222222222,2.5972222222222223,20.820534722222224,7.1547777777777775,94.54733333333334,8.159256944444444,28.51897222222222,44.10817361111111,5.984083333333333
2024-05-30,18.31403472222222,159.3704861111111,4.603854166666667,21.021229166666664,7.1895,95.18244444444446,8.146520833333334,28.237048611111113,43.718041666666664,6.5798749999999995
2024-05-31,20.800131944444445,181.36186805555556,2.4305555555555554,21.256625,7.0395972222222225,93.77991666666667,8.148118055555555,28.566680555555553,44.180277777777775,6.613333333333333
2024-06-01,17.136625,156.5284722222222,2.116673611111111,21.532555555555557,6.530770833333333,87.74892361111111,8.149604166666666,29.204791666666665,45.06868055555556,6.854152777777778
2024-06-02,21.60120138888889,196.66498611111112,1.2130972222222223,20.45775,6.605222222222222,86.61981944444445,8.156013888888888,28.507027777777775,44.08734722222223,6.784244755244756
2024-06-03,21.92298611111111,203.19100694444444,1.6552569444444445,19.728923611111114,6.9021875,89.52878472222223,8.178430555555556,28.794798611111112,44.481256944444446,7.0000625
2024-06-04,25.50561111111111,190.21226388888888,2.053159722222222,19.5583125,6.8614652777777785,88.89401388888888,8.17495138888889,29.149770833333335,44.97277083333333,6.313694444444445
2024-06-05,26.374229166666666,168.4606597222222,2.2592222222222222,19.643395833333333,6.926923076923076,89.96694405594405,8.188263888888889,29.30236111111111,45.18459722222222,6.512188811188811
2024-06-06,24.455194444444444,191.86471527777778,2.066027777777778,19.734180555555557,7.095611111111111,91.94883333333333,8.178861111111111,28.576499999999996,44.1784375,5.6198811188811195
2024-06-07,15.5766875,202.93967361111112,2.1523958333333333,18.756541666666667,7.374055555555556,93.71718055555556,8.197972222222223,28.45532638888889,44.00597916666666,4.166493055555556
2024-06-08,18.964020833333333,201.17099305555556,2.530951388888889,18.1006875,7.377347222222222,92.70525,8.204381944444444,28.671847222222222,44.30813888888889,3.1711258741258743
2024-06-09,17.264916666666668,200.31790972222223,1.9398541666666667,18.344916666666666,7.256055555555556,91.77885416666668,8.197125,28.95607638888889,44.702645833333335,2.8523680555555555
2024-06-10,17.22610416666667,199.31120833333333,1.7584236111111111,18.530194444444444,7.344986111111112,93.39485416666668,8.204402777777778,29.239305555555557,45.09495138888889,2.82375
2024-06-11,18.758479166666667,192.23340277777777,1.7014652777777777,18.490305555555555,7.019798611111111,89.44538888888889,8.17671527777778,29.740000000000002,45.78795138888889,2.7073194444444444
2024-06-12,15.51486111111111,195.9325763888889,2.5980624999999997,18.452527777777778,7.267013888888889,92.56203472222222,8.195722222222223,29.787381944444444,45.85357638888889,3.103972222222222
2024-06-13,16.684104166666668,184.26665277777778,1.7588055555555555,18.095215277777775,6.9765,88.16109722222222,8.18067361111111,29.632131944444446,45.63984722222222,2.9739791666666666
2024-06-14,19.722354166666666,189.4290625,1.1864861111111111,17.93815972222222,6.832750000000001,86.0171875,8.170625,29.482986111111114,45.434354166666665,2.727520833333333
2024-06-15,17.532881944444444,195.39099305555555,1.5267708333333332,17.90251388888889,7.1434652777777785,89.84171527777778,8.188222222222223,29.42746527777778,45.35740277777778,2.8895833333333334
2024-06-16,14.00832638888889,196.23574305555556,1.4020625,17.6670625,7.086756944444445,88.70518750000001,8.190375,29.396368055555556,45.31572916666667,2.771638888888889
2024-06-17,12.441201388888889,213.06238194444444,2.1173333333333333,17.15,7.485368055555556,92.39134722222222,8.211722222222223,29.327618055555554,45.226506944444445,3.070402777777778
2024-06-18,19.245090277777777,195.5031111111111,1.8234027777777777,17.123961538461536,7.554631944444444,92.03454166666667,8.219798611111111,29.410958333333333,45.35240972222223,2.943395833333333
2024-06-19,19.703601398601396,203.79552777777778,1.5766458333333333,17.097923076923077,7.442368055555556,90.59271527777778,8.210201388888889,29.3818125,45.31267361111111,2.7828680555555554
2024-06-20,25.920225352112677,198.41892361111113,1.3059513888888887,17.504463414634145,6.926555555555556,85.11684027777778,8.177930555555555,29.413611111111113,45.350291666666664,2.709416666666667
2024-06-21,23.22140277777778,196.77518750000002,1.3043402777777777,17.477,6.976513888888889,86.70951388888889,8.178479166666667,29.47853472222222,45.432965277777775,2.7420416666666667
2024-06-22,15.069979166666664,208.21295833333335,1.542388888888889,17.29376595744681,6.871979166666667,85.4379375,8.176347222222223,29.540104166666666,45.51779861111111,2.655062937062937
2024-06-23,15.482840277777777,175.7024375,1.569923611111111,17.14091525423729,7.150145833333334,88.17111805555555,8.180340277777779,29.52384027777778,45.50025,2.7713194444444444
2024-06-24,16.826555555555554,179.1257222222222,1.5861666666666665,17.241957746478874,7.424166666666666,91.54179166666667,8.187388888888888,29.44688888888889,45.39360416666667,2.9151748251748253
2024-06-25,17.792722222222224,194.10308333333333,1.8287847222222224,17.9162868852459,7.370458333333334,92.37583333333333,8.171826388888888,29.235284722222225,45.09284722222222,3.0953680555555554
2024-06-26,22.311006944444443,183.71741666666668,2.028513888888889,18.56882638888889,7.256472222222222,92.33911111111111,8.16657638888889,29.271250000000002,45.139354166666664,3.7762777777777776
2024-06-27,19.09081818181818,171.94889090909092,2.3184181818181817,18.913345454545453,6.646163636363636,85.16554545454545,8.157,29.379818181818184,45.289218181818185,4.184345454545455
